Provinsi,Kab Kota,Kecamatan,Desa,Tanggal,Waktu,Satelit,Confidence,Latitude,Longitude
Kalimantan Barat,KETAPANG,Simpang Hulu,Labai Hilir,12/08/2024,09:34 WIB,NASA-MODIS,Medium,-0.61162,109.92787
Kalimantan Barat,KETAPANG,Hulu Sungai,Kenyabur,12/08/2024,12:40 WIB,NASA-NOAA20,Medium,-0.69322,111.007
Kalimantan Barat,KETAPANG,Hulu Sungai,Sekukun,12/08/2024,12:40 WIB,NASA-NOAA20,Medium,-1.26149,110.77117
Kalimantan Barat,KETAPANG,Hulu Sungai,Senduruhan,12/08/2024,12:40 WIB,NASA-NOAA20,Medium,-0.96459,110.78564
Kalimantan Barat,KETAPANG,Hulu Sungai,Senduruhan,12/08/2024,12:40 WIB,NASA-NOAA20,Medium,-0.96401,110.78944
Kalimantan Barat,KETAPANG,Jelai Hulu,Biku Sarana,12/08/2024,12:40 WIB,NASA-NOAA20,Medium,-2.08919,110.90235
Kalimantan Barat,KETAPANG,Jelai Hulu,Deranuk,12/08/2024,12:40 WIB,NASA-NOAA20,Medium,-2.03639,110.82015
Kalimantan Barat,KETAPANG,Jelai Hulu,Deranuk,12/08/2024,12:40 WIB,NASA-NOAA20,Medium,-2.03639,110.82016
Kalimantan Barat,KETAPANG,Jelai Hulu,Kesuma Jaya,12/08/2024,12:40 WIB,NASA-NOAA20,Medium,-1.92179,110.83543
Kalimantan Barat,KETAPANG,Jelai Hulu,Kusik Batu Lapu,12/08/2024,12:40 WIB,NASA-NOAA20,Medium,-2.01392,110.91177
Kalimantan Barat,KETAPANG,Jelai Hulu,Limpang,12/08/2024,12:40 WIB,NASA-NOAA20,Medium,-1.89416,110.84752
Kalimantan Barat,KETAPANG,Jelai Hulu,Limpang,12/08/2024,12:40 WIB,NASA-NOAA20,Medium,-1.88997,110.84679
Kalimantan Barat,KETAPANG,Jelai Hulu,Semantun,12/08/2024,12:40 WIB,NASA-NOAA20,Medium,-2.08311,110.972
Kalimantan Barat,KETAPANG,Kendawangan,Sungai Jelayan,12/08/2024,12:40 WIB,NASA-NOAA20,Medium,-2.1575,110.47196
Kalimantan Barat,KETAPANG,Kendawangan,Sungai Jelayan,12/08/2024,12:40 WIB,NASA-NOAA20,Medium,-2.1575,110.47197
Kalimantan Barat,KETAPANG,Manis Mata,Sengkuang Merabong,12/08/2024,12:40 WIB,NASA-NOAA20,Medium,-2.20042,110.96654
Kalimantan Barat,KETAPANG,Manis Mata,Sengkuang Merabong,12/08/2024,12:40 WIB,NASA-NOAA20,Medium,-2.20041,110.96654
Kalimantan Barat,KETAPANG,Marau,Bantan Sari,12/08/2024,12:40 WIB,NASA-NOAA20,Medium,-2.13388,110.83392
Kalimantan Barat,KETAPANG,Marau,Bantan Sari,12/08/2024,12:40 WIB,NASA-NOAA20,Medium,-2.13388,110.83393
Kalimantan Barat,KETAPANG,Marau,Batu Payung Dua,12/08/2024,12:40 WIB,NASA-NOAA20,Medium,-2.051,110.5792
Kalimantan Barat,KETAPANG,Marau,Riam Batu Gading,12/08/2024,12:40 WIB,NASA-NOAA20,Medium,-2.11062,110.75807
Kalimantan Barat,KETAPANG,Marau,Riam Batu Gading,12/08/2024,12:40 WIB,NASA-NOAA20,Medium,-2.11062,110.75808
Kalimantan Barat,KETAPANG,Marau,Runjai Jaya,12/08/2024,12:40 WIB,NASA-NOAA20,Medium,-2.08013,110.81793
Kalimantan Barat,KETAPANG,Marau,Runjai Jaya,12/08/2024,12:40 WIB,NASA-NOAA20,Medium,-2.08013,110.81794
Kalimantan Barat,KETAPANG,Matan Hilir Selatan,Pesaguan Kanan,12/08/2024,12:40 WIB,NASA-NOAA20,Medium,-2.05642,110.39508
Kalimantan Barat,KETAPANG,Matan Hilir Selatan,Pesaguan Kanan,12/08/2024,12:40 WIB,NASA-NOAA20,Medium,-1.99124,110.34793
Kalimantan Barat,KETAPANG,Matan Hilir Selatan,Pesaguan Kanan,12/08/2024,12:40 WIB,NASA-NOAA20,Medium,-1.9906,110.3521
Kalimantan Barat,KETAPANG,Matan Hilir Selatan,Pesaguan Kanan,12/08/2024,12:40 WIB,NASA-NOAA20,Medium,-1.9906,110.35211
Kalimantan Barat,KETAPANG,Nanga Tayap,Betenung,12/08/2024,12:40 WIB,NASA-NOAA20,Medium,-1.56909,110.82416
Kalimantan Barat,KETAPANG,Nanga Tayap,Betenung,12/08/2024,12:40 WIB,NASA-NOAA20,Medium,-1.56909,110.82417
Kalimantan Barat,KETAPANG,Nanga Tayap,Betenung,12/08/2024,12:40 WIB,NASA-NOAA20,Medium,-1.5607,110.82296
Kalimantan Barat,KETAPANG,Nanga Tayap,Kayung Tuhe,12/08/2024,12:40 WIB,NASA-NOAA20,Medium,-1.59109,110.61962
Kalimantan Barat,KETAPANG,Sandai,Pendamaran Indah,12/08/2024,12:40 WIB,NASA-NOAA20,Medium,-1.08982,110.61942
Kalimantan Barat,KETAPANG,Sandai,Pendamaran Indah,12/08/2024,12:40 WIB,NASA-NOAA20,Medium,-1.08922,110.62329
Kalimantan Barat,KETAPANG,Sandai,Pendamaran Indah,12/08/2024,12:40 WIB,NASA-NOAA20,Medium,-1.03992,110.63593
Kalimantan Barat,KETAPANG,Sandai,Randau Jungkal,12/08/2024,12:40 WIB,NASA-NOAA20,Medium,-1.0563,110.66993
Kalimantan Barat,KETAPANG,Sandai,Randau Jungkal,12/08/2024,12:40 WIB,NASA-NOAA20,Medium,-1.0563,110.66994
Kalimantan Barat,KETAPANG,Sandai,Randau Jungkal,12/08/2024,12:40 WIB,NASA-NOAA20,Medium,-1.05571,110.67381
Kalimantan Barat,KETAPANG,Sandai,Randau Jungkal,12/08/2024,12:40 WIB,NASA-NOAA20,Medium,-1.05209,110.66936
Kalimantan Barat,KETAPANG,Sandai,Sandai,12/08/2024,12:40 WIB,NASA-NOAA20,Medium,-1.26585,110.54104
Kalimantan Barat,KETAPANG,Simpang Dua,Kampar Sebomban,12/08/2024,12:40 WIB,NASA-NOAA20,Medium,-0.71073,110.15684
Kalimantan Barat,KETAPANG,Simpang Dua,Kampar Sebomban,12/08/2024,12:40 WIB,NASA-NOAA20,Medium,-0.71073,110.15685
Kalimantan Barat,KETAPANG,Simpang Hulu,Balai Pinang Hulu,12/08/2024,12:40 WIB,NASA-NOAA20,Medium,-0.58055,110.44242
Kalimantan Barat,KETAPANG,Simpang Hulu,Balai Pinang Hulu,12/08/2024,12:40 WIB,NASA-NOAA20,Medium,-0.5612,110.39893
Kalimantan Barat,KETAPANG,Simpang Hulu,Balai Pinang Hulu,12/08/2024,12:40 WIB,NASA-NOAA20,Medium,-0.5521,110.40163
Kalimantan Barat,KETAPANG,Simpang Hulu,Kenanga,12/08/2024,12:40 WIB,NASA-NOAA20,Medium,-0.64006,110.53509
Kalimantan Barat,KETAPANG,Simpang Hulu,Kenanga,12/08/2024,12:40 WIB,NASA-NOAA20,Medium,-0.64006,110.5351
Kalimantan Barat,KETAPANG,Simpang Hulu,Kualan Hilir,12/08/2024,12:40 WIB,NASA-NOAA20,Medium,-0.60773,110.23795
Kalimantan Barat,KETAPANG,Simpang Hulu,Kualan Hilir,12/08/2024,12:40 WIB,NASA-NOAA20,Medium,-0.57886,110.25438
Kalimantan Barat,KETAPANG,Simpang Hulu,Kualan Hilir,12/08/2024,12:40 WIB,NASA-NOAA20,Medium,-0.57824,110.25842
Kalimantan Barat,KETAPANG,Simpang Hulu,Kualan Hulu,12/08/2024,12:40 WIB,NASA-NOAA20,Medium,-0.52428,110.5848
Kalimantan Barat,KETAPANG,Simpang Hulu,Kualan Hulu,12/08/2024,12:40 WIB,NASA-NOAA20,Medium,-0.52427,110.5848
Kalimantan Barat,KETAPANG,Simpang Hulu,Legong,12/08/2024,12:40 WIB,NASA-NOAA20,Medium,-0.58661,110.5471
Kalimantan Barat,KETAPANG,Simpang Hulu,Legong,12/08/2024,12:40 WIB,NASA-NOAA20,Medium,-0.5866,110.5471
Kalimantan Barat,KETAPANG,Simpang Hulu,Legong,12/08/2024,12:40 WIB,NASA-NOAA20,Medium,-0.58595,110.54683
Kalimantan Barat,KETAPANG,Simpang Hulu,Merawa,12/08/2024,12:40 WIB,NASA-NOAA20,Medium,-0.54377,110.48486
Kalimantan Barat,KETAPANG,Simpang Hulu,Semandang Hulu,12/08/2024,12:40 WIB,NASA-NOAA20,Medium,-0.58541,110.46702
Kalimantan Barat,KETAPANG,Simpang Hulu,Semandang Hulu,12/08/2024,12:40 WIB,NASA-NOAA20,Medium,-0.548,110.48547
Kalimantan Barat,KETAPANG,Simpang Hulu,Semandang Hulu,12/08/2024,12:40 WIB,NASA-NOAA20,Medium,-0.54739,110.48946
Kalimantan Barat,KETAPANG,Simpang Hulu,Semandang Hulu,12/08/2024,12:40 WIB,NASA-NOAA20,Medium,-0.54739,110.48947
Kalimantan Barat,KETAPANG,Sungai Laur,Harapan Baru,12/08/2024,12:40 WIB,NASA-NOAA20,Medium,-0.64554,110.55566
Kalimantan Barat,KETAPANG,Sungai Laur,Tanjung Maju,12/08/2024,12:40 WIB,NASA-NOAA20,Medium,-0.67069,110.47585
Kalimantan Barat,KETAPANG,Sungai Laur,Tanjung Maju,12/08/2024,12:40 WIB,NASA-NOAA20,Medium,-0.67068,110.47585
Kalimantan Barat,KETAPANG,Sungai Melayu Rayak,Sungai Melayu,12/08/2024,12:40 WIB,NASA-NOAA20,Medium,-1.81444,110.45193
Kalimantan Barat,KETAPANG,Tumbang Titi,Nanga Kelampai,12/08/2024,12:40 WIB,NASA-NOAA20,Medium,-1.89583,110.5732
Kalimantan Barat,KETAPANG,Tumbang Titi,Petebang Jaya,12/08/2024,12:40 WIB,NASA-NOAA20,Medium,-1.88278,110.75019
Kalimantan Barat,KETAPANG,Tumbang Titi,Segar Wangi,12/08/2024,12:40 WIB,NASA-NOAA20,Medium,-1.87503,110.51748
Kalimantan Barat,KETAPANG,Tumbang Titi,Segar Wangi,12/08/2024,12:40 WIB,NASA-NOAA20,Medium,-1.87503,110.51749
Kalimantan Barat,KETAPANG,Tumbang Titi,Segar Wangi,12/08/2024,12:40 WIB,NASA-NOAA20,Medium,-1.85968,110.53175
Kalimantan Barat,KETAPANG,Tumbang Titi,Titi Baru,12/08/2024,12:40 WIB,NASA-NOAA20,Medium,-1.86393,110.61875
Kalimantan Barat,KETAPANG,Tumbang Titi,Titi Baru,12/08/2024,12:40 WIB,NASA-NOAA20,Medium,-1.86332,110.62273
Kalimantan Barat,KETAPANG,Tumbang Titi,Titi Baru,12/08/2024,12:40 WIB,NASA-NOAA20,Medium,-1.86254,110.6216
Kalimantan Barat,KETAPANG,Jelai Hulu,Air Dua,12/08/2024,13:57 WIB,NASA-SNPP,Medium,-1.97374,110.82048
Kalimantan Barat,KETAPANG,Jelai Hulu,Air Dua,12/08/2024,13:57 WIB,NASA-SNPP,Medium,-1.97374,110.82049
Kalimantan Barat,KETAPANG,Jelai Hulu,Air Dua,12/08/2024,13:57 WIB,NASA-SNPP,Medium,-1.97036,110.82339
Kalimantan Barat,KETAPANG,Jelai Hulu,Air Dua,12/08/2024,13:57 WIB,NASA-SNPP,Medium,-1.97035,110.82339
Kalimantan Barat,KETAPANG,Jelai Hulu,Kusik Batu Lapu,12/08/2024,13:57 WIB,NASA-SNPP,Medium,-2.0283,110.909
Kalimantan Barat,KETAPANG,Kendawangan,Pembedilan,12/08/2024,13:57 WIB,NASA-SNPP,Medium,-2.78942,110.40132
Kalimantan Barat,KETAPANG,Kendawangan,Pembedilan,12/08/2024,13:57 WIB,NASA-SNPP,Medium,-2.78942,110.40133
Kalimantan Barat,KETAPANG,Marau,Runjai Jaya,12/08/2024,13:57 WIB,NASA-SNPP,Medium,-2.07419,110.80605
Kalimantan Barat,KETAPANG,Marau,Runjai Jaya,12/08/2024,13:57 WIB,NASA-SNPP,Medium,-2.07419,110.80606
Kalimantan Barat,KETAPANG,Marau,Runjai Jaya,12/08/2024,13:57 WIB,NASA-SNPP,Medium,-2.07312,110.81258
Kalimantan Barat,KETAPANG,Matan Hilir Selatan,Pesaguan Kanan,12/08/2024,12:16 WIB,NASA-SNPP,Medium,-2.05967,110.39552
Kalimantan Barat,KETAPANG,Matan Hilir Selatan,Pesaguan Kanan,12/08/2024,12:16 WIB,NASA-SNPP,Medium,-2.05967,110.39553
Kalimantan Barat,KETAPANG,Muara Pawan,Suka Maju,12/08/2024,12:16 WIB,NASA-SNPP,Medium,-1.78141,110.04517
Kalimantan Barat,KETAPANG,Nanga Tayap,Kayung Tuhe,12/08/2024,12:16 WIB,NASA-SNPP,Medium,-1.59026,110.61584
Kalimantan Barat,KETAPANG,Nanga Tayap,Kayung Tuhe,12/08/2024,12:16 WIB,NASA-SNPP,Medium,-1.59026,110.61585
Kalimantan Barat,KETAPANG,Pemahan,Usaha Baru,12/08/2024,13:57 WIB,NASA-SNPP,Medium,-1.6946,110.49373
Kalimantan Barat,KETAPANG,Pemahan,Usaha Baru,12/08/2024,13:57 WIB,NASA-SNPP,Medium,-1.69453,110.49815
Kalimantan Barat,KETAPANG,Pemahan,Usaha Baru,12/08/2024,13:57 WIB,NASA-SNPP,Medium,-1.69453,110.49816
Kalimantan Barat,KETAPANG,Sandai,Randau Jungkal,12/08/2024,12:16 WIB,NASA-SNPP,Medium,-1.0536,110.66799
Kalimantan Barat,KETAPANG,Sandai,Randau Jungkal,12/08/2024,12:16 WIB,NASA-SNPP,Medium,-1.0536,110.668
Kalimantan Barat,KETAPANG,Simpang Dua,Gema,12/08/2024,13:57 WIB,NASA-SNPP,Medium,-0.82652,110.4229
Kalimantan Barat,KETAPANG,Simpang Dua,Gema,12/08/2024,13:57 WIB,NASA-SNPP,Medium,-0.8255,110.42924
Kalimantan Barat,KETAPANG,Simpang Hulu,Semandang Kiri,12/08/2024,12:16 WIB,NASA-SNPP,Medium,-0.66636,110.42794
Kalimantan Barat,KETAPANG,Simpang Hulu,Semandang Kiri,12/08/2024,12:16 WIB,NASA-SNPP,Medium,-0.66635,110.42794
Kalimantan Barat,KETAPANG,Simpang Hulu,Semandang Kiri,12/08/2024,12:16 WIB,NASA-SNPP,Medium,-0.61131,110.44193
Kalimantan Barat,KETAPANG,Simpang Hulu,Semandang Kiri,12/08/2024,12:16 WIB,NASA-SNPP,Medium,-0.6103,110.44437
Kalimantan Barat,KETAPANG,Sungai Laur,Merabu Jaya,12/08/2024,12:16 WIB,NASA-SNPP,Medium,-0.70551,110.60106
Kalimantan Barat,KETAPANG,Sungai Laur,Selangkut Raya,12/08/2024,12:16 WIB,NASA-SNPP,Medium,-0.77176,110.60051
Kalimantan Barat,KETAPANG,Sungai Laur,Selangkut Raya,12/08/2024,12:16 WIB,NASA-SNPP,Medium,-0.77176,110.60052
Kalimantan Barat,KETAPANG,Sungai Laur,Selangkut Raya,12/08/2024,12:16 WIB,NASA-SNPP,Medium,-0.76533,110.59964
Kalimantan Barat,KETAPANG,Tumbang Titi,Nanga Kelampai,12/08/2024,13:57 WIB,NASA-SNPP,Medium,-1.917,110.47295
Kalimantan Barat,KETAPANG,Tumbang Titi,Nanga Kelampai,12/08/2024,13:57 WIB,NASA-SNPP,Medium,-1.91699,110.47296
Kalimantan Barat,KETAPANG,Tumbang Titi,Tanjung Maloi,12/08/2024,13:57 WIB,NASA-SNPP,Medium,-1.80027,110.67482
Kalimantan Barat,KETAPANG,Tumbang Titi,Tanjung Maloi,12/08/2024,13:57 WIB,NASA-SNPP,Medium,-1.80026,110.67483
Kalimantan Barat,MELAWI,Belimbing,Tekaban,13/08/2024,13:22 WIB,NASA-MODIS,Medium,-0.41351,111.60397
Kalimantan Barat,MELAWI,Belimbing,Tekaban,13/08/2024,13:22 WIB,NASA-MODIS,Medium,-0.40953,111.61059
Kalimantan Barat,MELAWI,Belimbing Hulu,Nanga Tikan,13/08/2024,13:22 WIB,NASA-MODIS,Medium,-0.45546,111.57509
Kalimantan Barat,MELAWI,Belimbing Hulu,Nanga Tikan,13/08/2024,13:22 WIB,NASA-MODIS,Medium,-0.41666,111.58301
Kalimantan Barat,MELAWI,Belimbing Hulu,Nanga Tikan,13/08/2024,13:22 WIB,NASA-MODIS,Medium,-0.41257,111.58916
Kalimantan Barat,MELAWI,Ella Hilir,Kahiya,13/08/2024,13:22 WIB,NASA-MODIS,Medium,-0.61044,111.95261
Kalimantan Barat,MELAWI,Ella Hilir,Nyanggau,13/08/2024,13:22 WIB,NASA-MODIS,Medium,-0.51758,112.1405
Kalimantan Barat,MELAWI,Menukung,Batas Nangka,13/08/2024,13:22 WIB,NASA-MODIS,Medium,-0.33793,112.29549
Kalimantan Barat,MELAWI,Menukung,Nanga Melona Satu,13/08/2024,13:22 WIB,NASA-MODIS,Medium,-0.37988,112.35873
Kalimantan Barat,MELAWI,Menukung,Sampak,13/08/2024,13:22 WIB,NASA-MODIS,Medium,-0.50408,112.23573
Kalimantan Barat,MELAWI,Menukung,Sampak,13/08/2024,13:22 WIB,NASA-MODIS,Medium,-0.50338,112.22876
Kalimantan Barat,MELAWI,Menukung,Sungai Sampuk,13/08/2024,13:22 WIB,NASA-MODIS,Medium,-0.36309,112.29893
Kalimantan Barat,MELAWI,Pinoh Selatan,Nanga Pintas,13/08/2024,13:22 WIB,NASA-MODIS,Medium,-0.58228,111.79121
Kalimantan Barat,MELAWI,Pinoh Selatan,Nyanggai,13/08/2024,13:22 WIB,NASA-MODIS,Medium,-0.57914,111.81206
Kalimantan Barat,MELAWI,Pinoh Selatan,Nyanggai,13/08/2024,13:22 WIB,NASA-MODIS,Medium,-0.57653,111.81879
Kalimantan Barat,MELAWI,Pinoh Utara,Tengkajau,13/08/2024,13:22 WIB,NASA-MODIS,Medium,-0.22109,111.74229
Kalimantan Barat,MELAWI,Pinoh Utara,Tengkajau,13/08/2024,13:22 WIB,NASA-MODIS,Medium,-0.21054,111.73374
Kalimantan Barat,MELAWI,Sayan,Karangan Purun,13/08/2024,13:22 WIB,NASA-MODIS,Medium,-0.65351,111.66005
Kalimantan Barat,MELAWI,Sayan,Nanga Sayan,13/08/2024,13:22 WIB,NASA-MODIS,Medium,-0.66687,111.66169
Kalimantan Barat,MELAWI,Tanah Pinoh,Bina Karya,13/08/2024,13:22 WIB,NASA-MODIS,Medium,-0.80857,111.59759
Kalimantan Barat,MELAWI,Tanah Pinoh,Bina Karya,13/08/2024,13:22 WIB,NASA-MODIS,Medium,-0.80706,111.58231
Kalimantan Barat,MELAWI,Tanah Pinoh,Pelita Kenaya,13/08/2024,13:22 WIB,NASA-MODIS,Medium,-0.81188,111.57578
Kalimantan Barat,MELAWI,Tanah Pinoh Barat,Laja,13/08/2024,13:22 WIB,NASA-MODIS,Medium,-0.6993,111.4431
Kalimantan Barat,MELAWI,Tanah Pinoh Barat,Laja,13/08/2024,13:22 WIB,NASA-MODIS,Medium,-0.69609,111.46478
Kalimantan Barat,MELAWI,Tanah Pinoh Barat,Lintah Taum,13/08/2024,13:22 WIB,NASA-MODIS,Medium,-0.64915,111.50264
Kalimantan Barat,MELAWI,Ella Hilir,Kahiya,13/08/2024,12:21 WIB,NASA-NOAA20,Medium,-0.59421,111.96908
Kalimantan Barat,MELAWI,Ella Hilir,Kahiya,13/08/2024,12:21 WIB,NASA-NOAA20,Medium,-0.5942,111.96908
Kalimantan Barat,MELAWI,Ella Hilir,Kahiya,13/08/2024,12:21 WIB,NASA-NOAA20,Medium,-0.59377,111.97195
Kalimantan Barat,MELAWI,Ella Hilir,Kerangan Kora,13/08/2024,12:21 WIB,NASA-NOAA20,Medium,-0.68241,112.05838
Kalimantan Barat,MELAWI,Ella Hilir,Kerangan Kora,13/08/2024,12:21 WIB,NASA-NOAA20,Medium,-0.68241,112.05839
Kalimantan Barat,MELAWI,Ella Hilir,Kerangan Kora,13/08/2024,12:21 WIB,NASA-NOAA20,Medium,-0.63711,112.07314
Kalimantan Barat,MELAWI,Ella Hilir,Kerangan Kora,13/08/2024,12:21 WIB,NASA-NOAA20,Medium,-0.63711,112.07548
Kalimantan Barat,MELAWI,Ella Hilir,Kerangan Kora,13/08/2024,12:21 WIB,NASA-NOAA20,Medium,-0.63662,112.07639
Kalimantan Barat,MELAWI,Ella Hilir,Kerangan Kora,13/08/2024,12:21 WIB,NASA-NOAA20,Medium,-0.63662,112.0764
Kalimantan Barat,MELAWI,Ella Hilir,Kerangan Kora,13/08/2024,12:21 WIB,NASA-NOAA20,Medium,-0.6366,112.07874
Kalimantan Barat,MELAWI,Ella Hilir,Kerangan Kora,13/08/2024,12:21 WIB,NASA-NOAA20,Medium,-0.6366,112.07875
Kalimantan Barat,MELAWI,Ella Hilir,Kerangan Kora,13/08/2024,12:21 WIB,NASA-NOAA20,Medium,-0.63613,112.07971
Kalimantan Barat,MELAWI,Ella Hilir,Kerangan Kora,13/08/2024,12:21 WIB,NASA-NOAA20,Medium,-0.63612,112.07971
Kalimantan Barat,MELAWI,Ella Hilir,Nanga Kempangai,13/08/2024,12:21 WIB,NASA-NOAA20,Medium,-0.60202,112.09362
Kalimantan Barat,MELAWI,Ella Hilir,Nanga Kempangai,13/08/2024,12:21 WIB,NASA-NOAA20,Medium,-0.60202,112.09363
Kalimantan Barat,MELAWI,Ella Hilir,Nanga Kempangai,13/08/2024,12:21 WIB,NASA-NOAA20,Medium,-0.6014,112.0976
Kalimantan Barat,MELAWI,Ella Hilir,Nanga Nyuruh,13/08/2024,12:21 WIB,NASA-NOAA20,Medium,-0.53658,112.10039
Kalimantan Barat,MELAWI,Ella Hilir,Penyuguk,13/08/2024,12:21 WIB,NASA-NOAA20,Medium,-0.68805,112.05679
Kalimantan Barat,MELAWI,Ella Hilir,Penyuguk,13/08/2024,12:21 WIB,NASA-NOAA20,Medium,-0.68805,112.0568
Kalimantan Barat,MELAWI,Ella Hilir,Penyuguk,13/08/2024,12:21 WIB,NASA-NOAA20,Medium,-0.68701,112.06358
Kalimantan Barat,MELAWI,Ella Hilir,Penyuguk,13/08/2024,12:21 WIB,NASA-NOAA20,Medium,-0.68701,112.06359
Kalimantan Barat,MELAWI,Menukung,Batu Onap,13/08/2024,12:21 WIB,NASA-NOAA20,Medium,-0.40712,112.35117
Kalimantan Barat,MELAWI,Pinoh Selatan,Nyanggai,13/08/2024,12:21 WIB,NASA-NOAA20,Medium,-0.5708,111.81277
Kalimantan Barat,MELAWI,Pinoh Selatan,Nyanggai,13/08/2024,12:21 WIB,NASA-NOAA20,Medium,-0.56885,111.81264
Kalimantan Barat,MELAWI,Pinoh Selatan,Nyanggai,13/08/2024,12:21 WIB,NASA-NOAA20,Medium,-0.56885,111.81265
Kalimantan Barat,MELAWI,Sayan,Bora,13/08/2024,12:21 WIB,NASA-NOAA20,Medium,-0.67036,111.75863
Kalimantan Barat,MELAWI,Sayan,Bora,13/08/2024,12:21 WIB,NASA-NOAA20,Medium,-0.67036,111.75864
Kalimantan Barat,MELAWI,Sayan,Bora,13/08/2024,12:21 WIB,NASA-NOAA20,Medium,-0.62477,111.76907
Kalimantan Barat,MELAWI,Sayan,Karangan Purun,13/08/2024,12:21 WIB,NASA-NOAA20,Medium,-0.66237,111.63191
Kalimantan Barat,MELAWI,Sayan,Karangan Purun,13/08/2024,12:21 WIB,NASA-NOAA20,Medium,-0.66237,111.63192
Kalimantan Barat,MELAWI,Belimbing Hulu,Kayu Bunga,13/08/2024,13:37 WIB,NASA-SNPP,Medium,-0.50533,111.57957
Kalimantan Barat,MELAWI,Belimbing Hulu,Kayu Bunga,13/08/2024,13:37 WIB,NASA-SNPP,Medium,-0.50533,111.57958
Kalimantan Barat,MELAWI,Belimbing Hulu,Nanga Raya,13/08/2024,13:37 WIB,NASA-SNPP,Medium,-0.59748,111.49278
Kalimantan Barat,MELAWI,Belimbing Hulu,Nanga Raya,13/08/2024,13:37 WIB,NASA-SNPP,Medium,-0.59748,111.4928
Kalimantan Barat,MELAWI,Belimbing Hulu,Nanga Raya,13/08/2024,13:37 WIB,NASA-SNPP,Medium,-0.51256,111.49725
Kalimantan Barat,MELAWI,Ella Hilir,Bemban Permai,13/08/2024,13:37 WIB,NASA-SNPP,Medium,-0.58565,112.01117
Kalimantan Barat,MELAWI,Ella Hilir,Bemban Permai,13/08/2024,13:37 WIB,NASA-SNPP,Medium,-0.58565,112.01118
Kalimantan Barat,MELAWI,Ella Hilir,Bemban Permai,13/08/2024,13:37 WIB,NASA-SNPP,Medium,-0.58512,112.01437
Kalimantan Barat,MELAWI,Ella Hilir,Kahiya,13/08/2024,13:37 WIB,NASA-SNPP,Medium,-0.59343,111.96332
Kalimantan Barat,MELAWI,Ella Hilir,Kahiya,13/08/2024,13:37 WIB,NASA-SNPP,Medium,-0.59342,111.96332
Kalimantan Barat,MELAWI,Ella Hilir,Kahiya,13/08/2024,13:37 WIB,NASA-SNPP,Medium,-0.59255,111.96637
Kalimantan Barat,MELAWI,Ella Hilir,Kahiya,13/08/2024,13:37 WIB,NASA-SNPP,Medium,-0.59255,111.96638
Kalimantan Barat,MELAWI,Ella Hilir,Kerangan Kora,13/08/2024,13:37 WIB,NASA-SNPP,Medium,-0.63527,112.07049
Kalimantan Barat,MELAWI,Ella Hilir,Kerangan Kora,13/08/2024,13:37 WIB,NASA-SNPP,Medium,-0.63527,112.0705
Kalimantan Barat,MELAWI,Ella Hilir,Kerangan Kora,13/08/2024,13:37 WIB,NASA-SNPP,Medium,-0.62379,112.06822
Kalimantan Barat,MELAWI,Ella Hilir,Kerangan Kora,13/08/2024,13:37 WIB,NASA-SNPP,Medium,-0.62379,112.06823
Kalimantan Barat,MELAWI,Ella Hilir,Lengkong Nyadom,13/08/2024,13:37 WIB,NASA-SNPP,Medium,-0.38019,112.03834
Kalimantan Barat,MELAWI,Ella Hilir,Lengkong Nyadom,13/08/2024,13:37 WIB,NASA-SNPP,Medium,-0.38019,112.03835
Kalimantan Barat,MELAWI,Ella Hilir,Nanga Kempangai,13/08/2024,13:37 WIB,NASA-SNPP,Medium,-0.59164,112.04866
Kalimantan Barat,MELAWI,Ella Hilir,Nanga Kempangai,13/08/2024,13:37 WIB,NASA-SNPP,Medium,-0.59126,112.04953
Kalimantan Barat,MELAWI,Ella Hilir,Nanga Kempangai,13/08/2024,13:37 WIB,NASA-SNPP,Medium,-0.59126,112.04954
Kalimantan Barat,MELAWI,Ella Hilir,Nyanggau,13/08/2024,13:37 WIB,NASA-SNPP,Medium,-0.51651,112.14944
Kalimantan Barat,MELAWI,Menukung,Sampak,13/08/2024,13:37 WIB,NASA-SNPP,Medium,-0.49674,112.23648
Kalimantan Barat,MELAWI,Menukung,Sungai Sampuk,13/08/2024,13:37 WIB,NASA-SNPP,Medium,-0.35058,112.33224
Kalimantan Barat,MELAWI,Pinoh Selatan,Landau Garong,13/08/2024,13:37 WIB,NASA-SNPP,Medium,-0.56278,111.93114
Kalimantan Barat,MELAWI,Pinoh Selatan,Landau Garong,13/08/2024,13:37 WIB,NASA-SNPP,Medium,-0.56278,111.93115
Kalimantan Barat,MELAWI,Pinoh Utara,Merah Arai,13/08/2024,13:37 WIB,NASA-SNPP,Medium,-0.27756,111.89579
Kalimantan Barat,MELAWI,Pinoh Utara,Merah Arai,13/08/2024,13:37 WIB,NASA-SNPP,Medium,-0.27756,111.8958
Kalimantan Barat,MELAWI,Pinoh Utara,Tengkajau,13/08/2024,13:37 WIB,NASA-SNPP,Medium,-0.21269,111.74073
Kalimantan Barat,MELAWI,Pinoh Utara,Tengkajau,13/08/2024,13:37 WIB,NASA-SNPP,Medium,-0.20699,111.73987
Kalimantan Barat,MELAWI,Sayan,Bora,13/08/2024,13:37 WIB,NASA-SNPP,Medium,-0.63505,111.77854
Kalimantan Barat,MELAWI,Sayan,Bora,13/08/2024,13:37 WIB,NASA-SNPP,Medium,-0.63504,111.77855
Kalimantan Barat,MELAWI,Sayan,Bora,13/08/2024,13:37 WIB,NASA-SNPP,Medium,-0.63289,111.78098
Kalimantan Barat,MELAWI,Sayan,Bora,13/08/2024,13:37 WIB,NASA-SNPP,Medium,-0.63289,111.78099
Kalimantan Barat,MELAWI,Sayan,Bora,13/08/2024,13:37 WIB,NASA-SNPP,Medium,-0.62936,111.77778
Kalimantan Barat,MELAWI,Sayan,Bora,13/08/2024,13:37 WIB,NASA-SNPP,Medium,-0.62935,111.77779
Kalimantan Barat,MELAWI,Sayan,Karangan Purun,13/08/2024,13:37 WIB,NASA-SNPP,Medium,-0.65581,111.66961
Kalimantan Barat,MELAWI,Sayan,Karangan Purun,13/08/2024,13:37 WIB,NASA-SNPP,Medium,-0.65315,111.66647
Kalimantan Barat,MELAWI,Sayan,Karangan Purun,13/08/2024,13:37 WIB,NASA-SNPP,Medium,-0.65235,111.67139
Kalimantan Barat,MELAWI,Sayan,Karangan Purun,13/08/2024,13:37 WIB,NASA-SNPP,Medium,-0.65001,111.66984
Kalimantan Barat,MELAWI,Sayan,Karangan Purun,13/08/2024,13:37 WIB,NASA-SNPP,Medium,-0.65001,111.66985
Kalimantan Barat,MELAWI,Sayan,Mekar Pelita,13/08/2024,13:37 WIB,NASA-SNPP,Medium,-0.68385,111.72727
Kalimantan Barat,MELAWI,Sayan,Nanga Pak,13/08/2024,13:37 WIB,NASA-SNPP,Medium,-0.54442,111.66145
Kalimantan Barat,MELAWI,Tanah Pinoh,Bina Jaya,13/08/2024,13:37 WIB,NASA-SNPP,Medium,-0.79613,111.62212
Kalimantan Barat,MELAWI,Tanah Pinoh,Bina Karya,13/08/2024,13:37 WIB,NASA-SNPP,Medium,-0.77817,111.56543
Kalimantan Barat,MELAWI,Tanah Pinoh,Bina Karya,13/08/2024,13:37 WIB,NASA-SNPP,Medium,-0.77817,111.56544
Kalimantan Barat,MELAWI,Tanah Pinoh,Bina Karya,13/08/2024,13:37 WIB,NASA-SNPP,Medium,-0.77648,111.56624
Kalimantan Barat,MELAWI,Tanah Pinoh,Bina Karya,13/08/2024,13:37 WIB,NASA-SNPP,Medium,-0.77647,111.56625
Kalimantan Barat,MELAWI,Tanah Pinoh Barat,Laja,13/08/2024,13:37 WIB,NASA-SNPP,Medium,-0.68685,111.45769
Kalimantan Barat,MELAWI,Tanah Pinoh Barat,Laja,13/08/2024,13:37 WIB,NASA-SNPP,Medium,-0.68685,111.4577
Kalimantan Barat,MELAWI,Tanah Pinoh Barat,Laja,13/08/2024,13:37 WIB,NASA-SNPP,Medium,-0.68626,111.46133
Kalimantan Barat,MELAWI,Tanah Pinoh Barat,Laja,13/08/2024,13:37 WIB,NASA-SNPP,Medium,-0.671,111.48528
Kalimantan Barat,MELAWI,Tanah Pinoh Barat,Laja,13/08/2024,13:37 WIB,NASA-SNPP,Medium,-0.671,111.48529
Kalimantan Barat,MELAWI,Tanah Pinoh Barat,Laja,13/08/2024,13:37 WIB,NASA-SNPP,Medium,-0.66681,111.48682
Kalimantan Barat,MELAWI,Tanah Pinoh Barat,Laja,13/08/2024,13:37 WIB,NASA-SNPP,Medium,-0.63517,111.47066
Kalimantan Barat,MELAWI,Tanah Pinoh Barat,Laja,13/08/2024,13:37 WIB,NASA-SNPP,Medium,-0.63517,111.47067
Kalimantan Barat,MELAWI,Tanah Pinoh Barat,Lintah Taum,13/08/2024,13:37 WIB,NASA-SNPP,Medium,-0.64613,111.5099
Kalimantan Barat,MELAWI,Tanah Pinoh Barat,Lintah Taum,13/08/2024,13:37 WIB,NASA-SNPP,Medium,-0.64556,111.51357
Kalimantan Barat,MELAWI,Tanah Pinoh Barat,Lintah Taum,13/08/2024,13:37 WIB,NASA-SNPP,Medium,-0.64555,111.51357
Kalimantan Barat,MELAWI,Tanah Pinoh Barat,Lintah Taum,13/08/2024,13:37 WIB,NASA-SNPP,Medium,-0.64054,111.50911
Kalimantan Barat,MELAWI,Tanah Pinoh Barat,Lintah Taum,13/08/2024,13:37 WIB,NASA-SNPP,Medium,-0.61948,111.5341
